Account,Risk Score
100428780,0.0028191703584373
100428930,0.0105132962275819
100428978,0.0028091248123214
100428A08,0.0179920834832673
100428660,0.0098729941798817
100428738,0.0114768297964486
1004289C0,0.0046673756351175
1004288E8,0.0159680638722554
1004288A0,0.0148148148148148
1004287C8,0.009595853470617
1004286A8,0.0099159842193091
100428858,0.0077596318686276
100428A51,0.0016029310739638
100428810,0.0102781136638452
1004286F0,0.0136913323744073
